<item name="LSLunchbox" class="Consumable" category="any">

	<params>
		<param name="selectable" value="0" />
		<param name="mass" value="1.0" />
		<param name="display_name" value="Amalgamated Lunchbox" />
		<param name="description" value="An old Amalgamated themed lunchbox" />
	</params>

	<geometry>
		<thirdperson name="Objects/LordSnave/LSLunchbox/lunch_box.cgf" />
	</geometry>

	<consumable>
		<param name="consumePartial" value="1" />
		<param name="foodAmount" value="400" />
		<param name="drinkAmount" value="150" />
		<param name="soundConsumed" value="Play_food_soft_eat" />
	</consumable>

	<storage>
		<locations>
			<location category="any"/>
		</locations>
	</storage>

</item>
